{
  "last_date": "2026-01-12",
  "btcusd_price": 91192.9921875,
  "sth_mvrv": 0.93,
  "sth_mvrv_zscore": 1.4417525946158103
}